blallbla jldsjfldsjlfjdsljf afldsa fjdslfjsdlkfjksdakfsjdalfkjsdlkfjdsl ladsfkasda ,10930,9699
blallbla jldsjfldsjlfjdsljf afldsa fjdslfjsdlkfjksdakfsjdalfkjsdlkfjdsl ladsfkasda ,11217,9785
blallbla jldsjfldsjlfjdsljf afldsa fjdslfjsdlkfjksdakfsjdalfkjsdlkfjdsl ladsfkasda ,10104,9637
blallbla jldsjfldsjlfjdsljf afldsa fjdslfjsdlkfjksdakfsjdalfkjsdlkfjdsl ladsfkasda ,2724,1125
blallbla jldsjfldsjlfjdsljf afldsa fjdslfjsdlkfjksdakfsjdalfkjsdlkfjdsl ladsfkasda ,2717,1115
blallbla jldsjfldsjlfjdsljf afldsa fjdslfjsdlkfjksdakfsjdalfkjsdlkfjdsl ladsfkasda ,2490,2474
blallbla jldsjfldsjlfjdsljf afldsa fjdslfjsdlkfjksdakfsjdalfkjsdlkfjdsl ladsfkasda ,3994,3983
blallbla jldsjfldsjlfjdsljf afldsa fjdslfjsdlkfjksdakfsjdalfkjsdlkfjdsl ladsfkasda ,3867,3853
blallbla jldsjfldsjlfjdsljf afldsa fjdslfjsdlkfjksdakfsjdalfkjsdlkfjdsl ladsfkasda ,2682,2665
blallbla jldsjfldsjlfjdsljf afldsa fjdslfjsdlkfjksdakfsjdalfkjsdlkfjdsl ladsfkasda ,3117,3106
blallbla jldsjfldsjlfjdsljf afldsa fjdslfjsdlkfjksdakfsjdalfkjsdlkfjdsl ladsfkasda ,2472,2462
blallbla jldsjfldsjlfjdsljf afldsa fjdslfjsdlkfjksdakfsjdalfkjsdlkfjdsl ladsfkasda ,2301,2295
blallbla jldsjfldsjlfjdsljf afldsa fjdslfjsdlkfjksdakfsjdalfkjsdlkfjdsl ladsfkasda ,3815,3802
blallbla jldsjfldsjlfjdsljf afldsa fjdslfjsdlkfjksdakfsjdalfkjsdlkfjdsl ladsfkasda ,2459,2452
blallbla jldsjfldsjlfjdsljf afldsa fjdslfjsdlkfjksdakfsjdalfkjsdlkfjdsl ladsfkasda ,2762,2755
blallbla jldsjfldsjlfjdsljf afldsa fjdslfjsdlkfjksdakfsjdalfkjsdlkfjdsl ladsfkasda ,2563,2557
blallbla jldsjfldsjlfjdsljf afldsa fjdslfjsdlkfjksdakfsjdalfkjsdlkfjdsl ladsfkasda ,2317,2310
blallbla jldsjfldsjlfjdsljf afldsa fjdslfjsdlkfjksdakfsjdalfkjsdlkfjdsl ladsfkasda ,3099,3092
blallbla jldsjfldsjlfjdsljf afldsa fjdslfjsdlkfjksdakfsjdalfkjsdlkfjdsl ladsfkasda ,3116,3108
blallbla jldsjfldsjlfjdsljf afldsa fjdslfjsdlkfjksdakfsjdalfkjsdlkfjdsl ladsfkasda ,3486,3480
blallbla jldsjfldsjlfjdsljf afldsa fjdslfjsdlkfjksdakfsjdalfkjsdlkfjdsl ladsfkasda ,3798,3789
blallbla jldsjfldsjlfjdsljf afldsa fjdslfjsdlkfjksdakfsjdalfkjsdlkfjdsl ladsfkasda ,2431,2424
blallbla jldsjfldsjlfjdsljf afldsa fjdslfjsdlkfjksdakfsjdalfkjsdlkfjdsl ladsfkasda ,2771,2766
blallbla jldsjfldsjlfjdsljf afldsa fjdslfjsdlkfjksdakfsjdalfkjsdlkfjdsl ladsfkasda ,3840,3832
blallbla jldsjfldsjlfjdsljf afldsa fjdslfjsdlkfjksdakfsjdalfkjsdlkfjdsl ladsfkasda ,3086,3081
blallbla jldsjfldsjlfjdsljf afldsa fjdslfjsdlkfjksdakfsjdalfkjsdlkfjdsl ladsfkasda ,2453,2448
blallbla jldsjfldsjlfjdsljf afldsa fjdslfjsdlkfjksdakfsjdalfkjsdlkfjdsl ladsfkasda ,2501,2497
blallbla jldsjfldsjlfjdsljf afldsa fjdslfjsdlkfjksdakfsjdalfkjsdlkfjdsl ladsfkasda ,2299,2295
blallbla jldsjfldsjlfjdsljf afldsa fjdslfjsdlkfjksdakfsjdalfkjsdlkfjdsl ladsfkasda ,2844,2838
blallbla jldsjfldsjlfjdsljf afldsa fjdslfjsdlkfjksdakfsjdalfkjsdlkfjdsl ladsfkasda ,2952,2946
blallbla jldsjfldsjlfjdsljf afldsa fjdslfjsdlkfjksdakfsjdalfkjsdlkfjdsl ladsfkasda ,2363,2358
blallbla jldsjfldsjlfjdsljf afldsa fjdslfjsdlkfjksdakfsjdalfkjsdlkfjdsl ladsfkasda ,2497,2491
blallbla jldsjfldsjlfjdsljf afldsa fjdslfjsdlkfjksdakfsjdalfkjsdlkfjdsl ladsfkasda ,3091,3086
blallbla jldsjfldsjlfjdsljf afldsa fjdslfjsdlkfjksdakfsjdalfkjsdlkfjdsl ladsfkasda ,3109,3104
blallbla jldsjfldsjlfjdsljf afldsa fjdslfjsdlkfjksdakfsjdalfkjsdlkfjdsl ladsfkasda ,3876,3871
blallbla jldsjfldsjlfjdsljf afldsa fjdslfjsdlkfjksdakfsjdalfkjsdlkfjdsl ladsfkasda ,2499,2493
blallbla jldsjfldsjlfjdsljf afldsa fjdslfjsdlkfjksdakfsjdalfkjsdlkfjdsl ladsfkasda ,2550,2547
blallbla jldsjfldsjlfjdsljf afldsa fjdslfjsdlkfjksdakfsjdalfkjsdlkfjdsl ladsfkasda ,3177,3171
blallbla jldsjfldsjlfjdsljf afldsa fjdslfjsdlkfjksdakfsjdalfkjsdlkfjdsl ladsfkasda ,2353,2348
blallbla jldsjfldsjlfjdsljf afldsa fjdslfjsdlkfjksdakfsjdalfkjsdlkfjdsl ladsfkasda ,3642,3639
blallbla jldsjfldsjlfjdsljf afldsa fjdslfjsdlkfjksdakfsjdalfkjsdlkfjdsl ladsfkasda ,3854,3850
blallbla jldsjfldsjlfjdsljf afldsa fjdslfjsdlkfjksdakfsjdalfkjsdlkfjdsl ladsfkasda ,2978,2973
blallbla jldsjfldsjlfjdsljf afldsa fjdslfjsdlkfjksdakfsjdalfkjsdlkfjdsl ladsfkasda ,3573,3567
blallbla jldsjfldsjlfjdsljf afldsa fjdslfjsdlkfjksdakfsjdalfkjsdlkfjdsl ladsfkasda ,2601,2597
blallbla jldsjfldsjlfjdsljf afldsa fjdslfjsdlkfjksdakfsjdalfkjsdlkfjdsl ladsfkasda ,2448,2442
blallbla jldsjfldsjlfjdsljf afldsa fjdslfjsdlkfjksdakfsjdalfkjsdlkfjdsl ladsfkasda ,2890,2883
blallbla jldsjfldsjlfjdsljf afldsa fjdslfjsdlkfjksdakfsjdalfkjsdlkfjdsl ladsfkasda ,3231,3225
blallbla jldsjfldsjlfjdsljf afldsa fjdslfjsdlkfjksdakfsjdalfkjsdlkfjdsl ladsfkasda ,3010,3003
blallbla jldsjfldsjlfjdsljf afldsa fjdslfjsdlkfjksdakfsjdalfkjsdlkfjdsl ladsfkasda ,2515,2511
blallbla jldsjfldsjlfjdsljf afldsa fjdslfjsdlkfjksdakfsjdalfkjsdlkfjdsl ladsfkasda ,3581,3575
blallbla jldsjfldsjlfjdsljf afldsa fjdslfjsdlkfjksdakfsjdalfkjsdlkfjdsl ladsfkasda ,2261,2256
blallbla jldsjfldsjlfjdsljf afldsa fjdslfjsdlkfjksdakfsjdalfkjsdlkfjdsl ladsfkasda ,3345,3341
blallbla jldsjfldsjlfjdsljf afldsa fjdslfjsdlkfjksdakfsjdalfkjsdlkfjdsl ladsfkasda ,2453,2448
blallbla jldsjfldsjlfjdsljf afldsa fjdslfjsdlkfjksdakfsjdalfkjsdlkfjdsl ladsfkasda ,3082,3077
blallbla jldsjfldsjlfjdsljf afldsa fjdslfjsdlkfjksdakfsjdalfkjsdlkfjdsl ladsfkasda ,2588,2582
blallbla jldsjfldsjlfjdsljf afldsa fjdslfjsdlkfjksdakfsjdalfkjsdlkfjdsl ladsfkasda ,2172,2167
blallbla jldsjfldsjlfjdsljf afldsa fjdslfjsdlkfjksdakfsjdalfkjsdlkfjdsl ladsfkasda ,3966,3961
blallbla jldsjfldsjlfjdsljf afldsa fjdslfjsdlkfjksdakfsjdalfkjsdlkfjdsl ladsfkasda ,2765,2759
blallbla jldsjfldsjlfjdsljf afldsa fjdslfjsdlkfjksdakfsjdalfkjsdlkfjdsl ladsfkasda ,3368,3359
blallbla jldsjfldsjlfjdsljf afldsa fjdslfjsdlkfjksdakfsjdalfkjsdlkfjdsl ladsfkasda ,3417,3413
blallbla jldsjfldsjlfjdsljf afldsa fjdslfjsdlkfjksdakfsjdalfkjsdlkfjdsl ladsfkasda ,3461,3457
blallbla jldsjfldsjlfjdsljf afldsa fjdslfjsdlkfjksdakfsjdalfkjsdlkfjdsl ladsfkasda ,2575,2571
blallbla jldsjfldsjlfjdsljf afldsa fjdslfjsdlkfjksdakfsjdalfkjsdlkfjdsl ladsfkasda ,3242,3238
blallbla jldsjfldsjlfjdsljf afldsa fjdslfjsdlkfjksdakfsjdalfkjsdlkfjdsl ladsfkasda ,3239,3235
blallbla jldsjfldsjlfjdsljf afldsa fjdslfjsdlkfjksdakfsjdalfkjsdlkfjdsl ladsfkasda ,2650,2646
blallbla jldsjfldsjlfjdsljf afldsa fjdslfjsdlkfjksdakfsjdalfkjsdlkfjdsl ladsfkasda ,2659,2655
blallbla jldsjfldsjlfjdsljf afldsa fjdslfjsdlkfjksdakfsjdalfkjsdlkfjdsl ladsfkasda ,2759,2755
blallbla jldsjfldsjlfjdsljf afldsa fjdslfjsdlkfjksdakfsjdalfkjsdlkfjdsl ladsfkasda ,3415,3411
blallbla jldsjfldsjlfjdsljf afldsa fjdslfjsdlkfjksdakfsjdalfkjsdlkfjdsl ladsfkasda ,3467,3463
blallbla jldsjfldsjlfjdsljf afldsa fjdslfjsdlkfjksdakfsjdalfkjsdlkfjdsl ladsfkasda ,2858,2854
blallbla jldsjfldsjlfjdsljf afldsa fjdslfjsdlkfjksdakfsjdalfkjsdlkfjdsl ladsfkasda ,2781,2776
blallbla jldsjfldsjlfjdsljf afldsa fjdslfjsdlkfjksdakfsjdalfkjsdlkfjdsl ladsfkasda ,2828,2822
blallbla jldsjfldsjlfjdsljf afldsa fjdslfjsdlkfjksdakfsjdalfkjsdlkfjdsl ladsfkasda ,3083,3079
blallbla jldsjfldsjlfjdsljf afldsa fjdslfjsdlkfjksdakfsjdalfkjsdlkfjdsl ladsfkasda ,4250,4247
blallbla jldsjfldsjlfjdsljf afldsa fjdslfjsdlkfjksdakfsjdalfkjsdlkfjdsl ladsfkasda ,2375,2372
blallbla jldsjfldsjlfjdsljf afldsa fjdslfjsdlkfjksdakfsjdalfkjsdlkfjdsl ladsfkasda ,2618,2615
blallbla jldsjfldsjlfjdsljf afldsa fjdslfjsdlkfjksdakfsjdalfkjsdlkfjdsl ladsfkasda ,2467,2463
blallbla jldsjfldsjlfjdsljf afldsa fjdslfjsdlkfjksdakfsjdalfkjsdlkfjdsl ladsfkasda ,2299,2295
blallbla jldsjfldsjlfjdsljf afldsa fjdslfjsdlkfjksdakfsjdalfkjsdlkfjdsl ladsfkasda ,3893,3889
blallbla jldsjfldsjlfjdsljf afldsa fjdslfjsdlkfjksdakfsjdalfkjsdlkfjdsl ladsfkasda ,3312,3305
blallbla jldsjfldsjlfjdsljf afldsa fjdslfjsdlkfjksdakfsjdalfkjsdlkfjdsl ladsfkasda ,2602,2599
blallbla jldsjfldsjlfjdsljf afldsa fjdslfjsdlkfjksdakfsjdalfkjsdlkfjdsl ladsfkasda ,2648,2642
blallbla jldsjfldsjlfjdsljf afldsa fjdslfjsdlkfjksdakfsjdalfkjsdlkfjdsl ladsfkasda ,2275,2271
blallbla jldsjfldsjlfjdsljf afldsa fjdslfjsdlkfjksdakfsjdalfkjsdlkfjdsl ladsfkasda ,2509,2504
blallbla jldsjfldsjlfjdsljf afldsa fjdslfjsdlkfjksdakfsjdalfkjsdlkfjdsl ladsfkasda ,3431,3425
blallbla jldsjfldsjlfjdsljf afldsa fjdslfjsdlkfjksdakfsjdalfkjsdlkfjdsl ladsfkasda ,2315,2310
blallbla jldsjfldsjlfjdsljf afldsa fjdslfjsdlkfjksdakfsjdalfkjsdlkfjdsl ladsfkasda ,3045,3041
blallbla jldsjfldsjlfjdsljf afldsa fjdslfjsdlkfjksdakfsjdalfkjsdlkfjdsl ladsfkasda ,2397,2393
blallbla jldsjfldsjlfjdsljf afldsa fjdslfjsdlkfjksdakfsjdalfkjsdlkfjdsl ladsfkasda ,2936,2932
blallbla jldsjfldsjlfjdsljf afldsa fjdslfjsdlkfjksdakfsjdalfkjsdlkfjdsl ladsfkasda ,2657,2654
blallbla jldsjfldsjlfjdsljf afldsa fjdslfjsdlkfjksdakfsjdalfkjsdlkfjdsl ladsfkasda ,3256,3252
blallbla jldsjfldsjlfjdsljf afldsa fjdslfjsdlkfjksdakfsjdalfkjsdlkfjdsl ladsfkasda ,2486,2482
blallbla jldsjfldsjlfjdsljf afldsa fjdslfjsdlkfjksdakfsjdalfkjsdlkfjdsl ladsfkasda ,3346,3342
blallbla jldsjfldsjlfjdsljf afldsa fjdslfjsdlkfjksdakfsjdalfkjsdlkfjdsl ladsfkasda ,2926,2922
blallbla jldsjfldsjlfjdsljf afldsa fjdslfjsdlkfjksdakfsjdalfkjsdlkfjdsl ladsfkasda ,2735,2731
blallbla jldsjfldsjlfjdsljf afldsa fjdslfjsdlkfjksdakfsjdalfkjsdlkfjdsl ladsfkasda ,2677,2673
blallbla jldsjfldsjlfjdsljf afldsa fjdslfjsdlkfjksdakfsjdalfkjsdlkfjdsl ladsfkasda ,2699,2696
blallbla jldsjfldsjlfjdsljf afldsa fjdslfjsdlkfjksdakfsjdalfkjsdlkfjdsl ladsfkasda ,4103,4099
blallbla jldsjfldsjlfjdsljf afldsa fjdslfjsdlkfjksdakfsjdalfkjsdlkfjdsl ladsfkasda ,2731,2729
blallbla jldsjfldsjlfjdsljf afldsa fjdslfjsdlkfjksdakfsjdalfkjsdlkfjdsl ladsfkasda ,2894,2890
blallbla jldsjfldsjlfjdsljf afldsa fjdslfjsdlkfjksdakfsjdalfkjsdlkfjdsl ladsfkasda ,2676,2672
blallbla jldsjfldsjlfjdsljf afldsa fjdslfjsdlkfjksdakfsjdalfkjsdlkfjdsl ladsfkasda ,3234,3230
blallbla jldsjfldsjlfjdsljf afldsa fjdslfjsdlkfjksdakfsjdalfkjsdlkfjdsl ladsfkasda ,4049,4046
blallbla jldsjfldsjlfjdsljf afldsa fjdslfjsdlkfjksdakfsjdalfkjsdlkfjdsl ladsfkasda ,2730,2726
blallbla jldsjfldsjlfjdsljf afldsa fjdslfjsdlkfjksdakfsjdalfkjsdlkfjdsl ladsfkasda ,3485,3480
blallbla jldsjfldsjlfjdsljf afldsa fjdslfjsdlkfjksdakfsjdalfkjsdlkfjdsl ladsfkasda ,3136,3126
blallbla jldsjfldsjlfjdsljf afldsa fjdslfjsdlkfjksdakfsjdalfkjsdlkfjdsl ladsfkasda ,2148,2146
blallbla jldsjfldsjlfjdsljf afldsa fjdslfjsdlkfjksdakfsjdalfkjsdlkfjdsl ladsfkasda ,2781,2778
blallbla jldsjfldsjlfjdsljf afldsa fjdslfjsdlkfjksdakfsjdalfkjsdlkfjdsl ladsfkasda ,3362,3358
blallbla jldsjfldsjlfjdsljf afldsa fjdslfjsdlkfjksdakfsjdalfkjsdlkfjdsl ladsfkasda ,2919,2915
blallbla jldsjfldsjlfjdsljf afldsa fjdslfjsdlkfjksdakfsjdalfkjsdlkfjdsl ladsfkasda ,3421,3416
blallbla jldsjfldsjlfjdsljf afldsa fjdslfjsdlkfjksdakfsjdalfkjsdlkfjdsl ladsfkasda ,4068,4062
blallbla jldsjfldsjlfjdsljf afldsa fjdslfjsdlkfjksdakfsjdalfkjsdlkfjdsl ladsfkasda ,2450,2446
blallbla jldsjfldsjlfjdsljf afldsa fjdslfjsdlkfjksdakfsjdalfkjsdlkfjdsl ladsfkasda ,2351,2348
blallbla jldsjfldsjlfjdsljf afldsa fjdslfjsdlkfjksdakfsjdalfkjsdlkfjdsl ladsfkasda ,4201,4197
blallbla jldsjfldsjlfjdsljf afldsa fjdslfjsdlkfjksdakfsjdalfkjsdlkfjdsl ladsfkasda ,2234,2231
blallbla jldsjfldsjlfjdsljf afldsa fjdslfjsdlkfjksdakfsjdalfkjsdlkfjdsl ladsfkasda ,2725,2722
blallbla jldsjfldsjlfjdsljf afldsa fjdslfjsdlkfjksdakfsjdalfkjsdlkfjdsl ladsfkasda ,3435,3432
blallbla jldsjfldsjlfjdsljf afldsa fjdslfjsdlkfjksdakfsjdalfkjsdlkfjdsl ladsfkasda ,3610,3607
blallbla jldsjfldsjlfjdsljf afldsa fjdslfjsdlkfjksdakfsjdalfkjsdlkfjdsl ladsfkasda ,2550,2548
blallbla jldsjfldsjlfjdsljf afldsa fjdslfjsdlkfjksdakfsjdalfkjsdlkfjdsl ladsfkasda ,3131,3127
blallbla jldsjfldsjlfjdsljf afldsa fjdslfjsdlkfjksdakfsjdalfkjsdlkfjdsl ladsfkasda ,2315,2312
blallbla jldsjfldsjlfjdsljf afldsa fjdslfjsdlkfjksdakfsjdalfkjsdlkfjdsl ladsfkasda ,2400,2396
blallbla jldsjfldsjlfjdsljf afldsa fjdslfjsdlkfjksdakfsjdalfkjsdlkfjdsl ladsfkasda ,2982,2979
blallbla jldsjfldsjlfjdsljf afldsa fjdslfjsdlkfjksdakfsjdalfkjsdlkfjdsl ladsfkasda ,2364,2355
blallbla jldsjfldsjlfjdsljf afldsa fjdslfjsdlkfjksdakfsjdalfkjsdlkfjdsl ladsfkasda ,2356,2352
blallbla jldsjfldsjlfjdsljf afldsa fjdslfjsdlkfjksdakfsjdalfkjsdlkfjdsl ladsfkasda ,3552,3549
blallbla jldsjfldsjlfjdsljf afldsa fjdslfjsdlkfjksdakfsjdalfkjsdlkfjdsl ladsfkasda ,2969,2966
blallbla jldsjfldsjlfjdsljf afldsa fjdslfjsdlkfjksdakfsjdalfkjsdlkfjdsl ladsfkasda ,2538,2533
blallbla jldsjfldsjlfjdsljf afldsa fjdslfjsdlkfjksdakfsjdalfkjsdlkfjdsl ladsfkasda ,2488,2485
blallbla jldsjfldsjlfjdsljf afldsa fjdslfjsdlkfjksdakfsjdalfkjsdlkfjdsl ladsfkasda ,2498,2495
blallbla jldsjfldsjlfjdsljf afldsa fjdslfjsdlkfjksdakfsjdalfkjsdlkfjdsl ladsfkasda ,3253,3250
blallbla jldsjfldsjlfjdsljf afldsa fjdslfjsdlkfjksdakfsjdalfkjsdlkfjdsl ladsfkasda ,2810,2807
blallbla jldsjfldsjlfjdsljf afldsa fjdslfjsdlkfjksdakfsjdalfkjsdlkfjdsl ladsfkasda ,2260,2256
blallbla jldsjfldsjlfjdsljf afldsa fjdslfjsdlkfjksdakfsjdalfkjsdlkfjdsl ladsfkasda ,2808,2805
blallbla jldsjfldsjlfjdsljf afldsa fjdslfjsdlkfjksdakfsjdalfkjsdlkfjdsl ladsfkasda ,2487,2483
blallbla jldsjfldsjlfjdsljf afldsa fjdslfjsdlkfjksdakfsjdalfkjsdlkfjdsl ladsfkasda ,3742,3738
blallbla jldsjfldsjlfjdsljf afldsa fjdslfjsdlkfjksdakfsjdalfkjsdlkfjdsl ladsfkasda ,3625,3621
blallbla jldsjfldsjlfjdsljf afldsa fjdslfjsdlkfjksdakfsjdalfkjsdlkfjdsl ladsfkasda ,4058,4054
blallbla jldsjfldsjlfjdsljf afldsa fjdslfjsdlkfjksdakfsjdalfkjsdlkfjdsl ladsfkasda ,2485,2481
blallbla jldsjfldsjlfjdsljf afldsa fjdslfjsdlkfjksdakfsjdalfkjsdlkfjdsl ladsfkasda ,3045,3041
blallbla jldsjfldsjlfjdsljf afldsa fjdslfjsdlkfjksdakfsjdalfkjsdlkfjdsl ladsfkasda ,2477,2474
blallbla jldsjfldsjlfjdsljf afldsa fjdslfjsdlkfjksdakfsjdalfkjsdlkfjdsl ladsfkasda ,3238,3235
blallbla jldsjfldsjlfjdsljf afldsa fjdslfjsdlkfjksdakfsjdalfkjsdlkfjdsl ladsfkasda ,2385,2382
blallbla jldsjfldsjlfjdsljf afldsa fjdslfjsdlkfjksdakfsjdalfkjsdlkfjdsl ladsfkasda ,2863,2859
blallbla jldsjfldsjlfjdsljf afldsa fjdslfjsdlkfjksdakfsjdalfkjsdlkfjdsl ladsfkasda ,2326,2323
blallbla jldsjfldsjlfjdsljf afldsa fjdslfjsdlkfjksdakfsjdalfkjsdlkfjdsl ladsfkasda ,3486,3482
blallbla jldsjfldsjlfjdsljf afldsa fjdslfjsdlkfjksdakfsjdalfkjsdlkfjdsl ladsfkasda ,3505,3500
blallbla jldsjfldsjlfjdsljf afldsa fjdslfjsdlkfjksdakfsjdalfkjsdlkfjdsl ladsfkasda ,2302,2299
blallbla jldsjfldsjlfjdsljf afldsa fjdslfjsdlkfjksdakfsjdalfkjsdlkfjdsl ladsfkasda ,2495,2492
blallbla jldsjfldsjlfjdsljf afldsa fjdslfjsdlkfjksdakfsjdalfkjsdlkfjdsl ladsfkasda ,3001,2997
blallbla jldsjfldsjlfjdsljf afldsa fjdslfjsdlkfjksdakfsjdalfkjsdlkfjdsl ladsfkasda ,2376,2373
blallbla jldsjfldsjlfjdsljf afldsa fjdslfjsdlkfjksdakfsjdalfkjsdlkfjdsl ladsfkasda ,2655,2651
blallbla jldsjfldsjlfjdsljf afldsa fjdslfjsdlkfjksdakfsjdalfkjsdlkfjdsl ladsfkasda ,2550,2546
blallbla jldsjfldsjlfjdsljf afldsa fjdslfjsdlkfjksdakfsjdalfkjsdlkfjdsl ladsfkasda ,2565,2560
blallbla jldsjfldsjlfjdsljf afldsa fjdslfjsdlkfjksdakfsjdalfkjsdlkfjdsl ladsfkasda ,3105,3101
blallbla jldsjfldsjlfjdsljf afldsa fjdslfjsdlkfjksdakfsjdalfkjsdlkfjdsl ladsfkasda ,3260,3256
blallbla jldsjfldsjlfjdsljf afldsa fjdslfjsdlkfjksdakfsjdalfkjsdlkfjdsl ladsfkasda ,2588,2584
blallbla jldsjfldsjlfjdsljf afldsa fjdslfjsdlkfjksdakfsjdalfkjsdlkfjdsl ladsfkasda ,3359,3355
blallbla jldsjfldsjlfjdsljf afldsa fjdslfjsdlkfjksdakfsjdalfkjsdlkfjdsl ladsfkasda ,2619,2616
blallbla jldsjfldsjlfjdsljf afldsa fjdslfjsdlkfjksdakfsjdalfkjsdlkfjdsl ladsfkasda ,3329,3326
blallbla jldsjfldsjlfjdsljf afldsa fjdslfjsdlkfjksdakfsjdalfkjsdlkfjdsl ladsfkasda ,3200,3197
blallbla jldsjfldsjlfjdsljf afldsa fjdslfjsdlkfjksdakfsjdalfkjsdlkfjdsl ladsfkasda ,2347,2343
blallbla jldsjfldsjlfjdsljf afldsa fjdslfjsdlkfjksdakfsjdalfkjsdlkfjdsl ladsfkasda ,3096,3093
blallbla jldsjfldsjlfjdsljf afldsa fjdslfjsdlkfjksdakfsjdalfkjsdlkfjdsl ladsfkasda ,3411,3407
blallbla jldsjfldsjlfjdsljf afldsa fjdslfjsdlkfjksdakfsjdalfkjsdlkfjdsl ladsfkasda ,2782,2778
blallbla jldsjfldsjlfjdsljf afldsa fjdslfjsdlkfjksdakfsjdalfkjsdlkfjdsl ladsfkasda ,2425,2422
blallbla jldsjfldsjlfjdsljf afldsa fjdslfjsdlkfjksdakfsjdalfkjsdlkfjdsl ladsfkasda ,2708,2705
blallbla jldsjfldsjlfjdsljf afldsa fjdslfjsdlkfjksdakfsjdalfkjsdlkfjdsl ladsfkasda ,3626,3624
blallbla jldsjfldsjlfjdsljf afldsa fjdslfjsdlkfjksdakfsjdalfkjsdlkfjdsl ladsfkasda ,2540,2537
blallbla jldsjfldsjlfjdsljf afldsa fjdslfjsdlkfjksdakfsjdalfkjsdlkfjdsl ladsfkasda ,2531,2527
blallbla jldsjfldsjlfjdsljf afldsa fjdslfjsdlkfjksdakfsjdalfkjsdlkfjdsl ladsfkasda ,3854,3850
blallbla jldsjfldsjlfjdsljf afldsa fjdslfjsdlkfjksdakfsjdalfkjsdlkfjdsl ladsfkasda ,3256,3253
blallbla jldsjfldsjlfjdsljf afldsa fjdslfjsdlkfjksdakfsjdalfkjsdlkfjdsl ladsfkasda ,2608,2605
blallbla jldsjfldsjlfjdsljf afldsa fjdslfjsdlkfjksdakfsjdalfkjsdlkfjdsl ladsfkasda ,2738,2735
blallbla jldsjfldsjlfjdsljf afldsa fjdslfjsdlkfjksdakfsjdalfkjsdlkfjdsl ladsfkasda ,3201,3198
blallbla jldsjfldsjlfjdsljf afldsa fjdslfjsdlkfjksdakfsjdalfkjsdlkfjdsl ladsfkasda ,2751,2748
blallbla jldsjfldsjlfjdsljf afldsa fjdslfjsdlkfjksdakfsjdalfkjsdlkfjdsl ladsfkasda ,2763,2760
blallbla jldsjfldsjlfjdsljf afldsa fjdslfjsdlkfjksdakfsjdalfkjsdlkfjdsl ladsfkasda ,3329,3325
blallbla jldsjfldsjlfjdsljf afldsa fjdslfjsdlkfjksdakfsjdalfkjsdlkfjdsl ladsfkasda ,2617,2614
blallbla jldsjfldsjlfjdsljf afldsa fjdslfjsdlkfjksdakfsjdalfkjsdlkfjdsl ladsfkasda ,3441,3438
blallbla jldsjfldsjlfjdsljf afldsa fjdslfjsdlkfjksdakfsjdalfkjsdlkfjdsl ladsfkasda ,2598,2596
blallbla jldsjfldsjlfjdsljf afldsa fjdslfjsdlkfjksdakfsjdalfkjsdlkfjdsl ladsfkasda ,2838,2835
blallbla jldsjfldsjlfjdsljf afldsa fjdslfjsdlkfjksdakfsjdalfkjsdlkfjdsl ladsfkasda ,2804,2801
blallbla jldsjfldsjlfjdsljf afldsa fjdslfjsdlkfjksdakfsjdalfkjsdlkfjdsl ladsfkasda ,2590,2588
blallbla jldsjfldsjlfjdsljf afldsa fjdslfjsdlkfjksdakfsjdalfkjsdlkfjdsl ladsfkasda ,3977,3973
blallbla jldsjfldsjlfjdsljf afldsa fjdslfjsdlkfjksdakfsjdalfkjsdlkfjdsl ladsfkasda ,2624,2620
blallbla jldsjfldsjlfjdsljf afldsa fjdslfjsdlkfjksdakfsjdalfkjsdlkfjdsl ladsfkasda ,3403,3399
blallbla jldsjfldsjlfjdsljf afldsa fjdslfjsdlkfjksdakfsjdalfkjsdlkfjdsl ladsfkasda ,2472,2469
blallbla jldsjfldsjlfjdsljf afldsa fjdslfjsdlkfjksdakfsjdalfkjsdlkfjdsl ladsfkasda ,3947,3942
blallbla jldsjfldsjlfjdsljf afldsa fjdslfjsdlkfjksdakfsjdalfkjsdlkfjdsl ladsfkasda ,2834,2830
blallbla jldsjfldsjlfjdsljf afldsa fjdslfjsdlkfjksdakfsjdalfkjsdlkfjdsl ladsfkasda ,2424,2421
blallbla jldsjfldsjlfjdsljf afldsa fjdslfjsdlkfjksdakfsjdalfkjsdlkfjdsl ladsfkasda ,2736,2728
blallbla jldsjfldsjlfjdsljf afldsa fjdslfjsdlkfjksdakfsjdalfkjsdlkfjdsl ladsfkasda ,3219,3216
blallbla jldsjfldsjlfjdsljf afldsa fjdslfjsdlkfjksdakfsjdalfkjsdlkfjdsl ladsfkasda ,3312,3310
blallbla jldsjfldsjlfjdsljf afldsa fjdslfjsdlkfjksdakfsjdalfkjsdlkfjdsl ladsfkasda ,2502,2498
blallbla jldsjfldsjlfjdsljf afldsa fjdslfjsdlkfjksdakfsjdalfkjsdlkfjdsl ladsfkasda ,2677,2675
blallbla jldsjfldsjlfjdsljf afldsa fjdslfjsdlkfjksdakfsjdalfkjsdlkfjdsl ladsfkasda ,2388,2384
blallbla jldsjfldsjlfjdsljf afldsa fjdslfjsdlkfjksdakfsjdalfkjsdlkfjdsl ladsfkasda ,2609,2605
blallbla jldsjfldsjlfjdsljf afldsa fjdslfjsdlkfjksdakfsjdalfkjsdlkfjdsl ladsfkasda ,3318,3314
blallbla jldsjfldsjlfjdsljf afldsa fjdslfjsdlkfjksdakfsjdalfkjsdlkfjdsl ladsfkasda ,3128,3125
blallbla jldsjfldsjlfjdsljf afldsa fjdslfjsdlkfjksdakfsjdalfkjsdlkfjdsl ladsfkasda ,2615,2611
blallbla jldsjfldsjlfjdsljf afldsa fjdslfjsdlkfjksdakfsjdalfkjsdlkfjdsl ladsfkasda ,2907,2902
blallbla jldsjfldsjlfjdsljf afldsa fjdslfjsdlkfjksdakfsjdalfkjsdlkfjdsl ladsfkasda ,2549,2545
blallbla jldsjfldsjlfjdsljf afldsa fjdslfjsdlkfjksdakfsjdalfkjsdlkfjdsl ladsfkasda ,3429,3424
blallbla jldsjfldsjlfjdsljf afldsa fjdslfjsdlkfjksdakfsjdalfkjsdlkfjdsl ladsfkasda ,2378,2375
blallbla jldsjfldsjlfjdsljf afldsa fjdslfjsdlkfjksdakfsjdalfkjsdlkfjdsl ladsfkasda ,3049,3046
blallbla jldsjfldsjlfjdsljf afldsa fjdslfjsdlkfjksdakfsjdalfkjsdlkfjdsl ladsfkasda ,2260,2257
blallbla jldsjfldsjlfjdsljf afldsa fjdslfjsdlkfjksdakfsjdalfkjsdlkfjdsl ladsfkasda ,3540,3536
blallbla jldsjfldsjlfjdsljf afldsa fjdslfjsdlkfjksdakfsjdalfkjsdlkfjdsl ladsfkasda ,2347,2344
blallbla jldsjfldsjlfjdsljf afldsa fjdslfjsdlkfjksdakfsjdalfkjsdlkfjdsl ladsfkasda ,3079,3075
blallbla jldsjfldsjlfjdsljf afldsa fjdslfjsdlkfjksdakfsjdalfkjsdlkfjdsl ladsfkasda ,2665,2660
blallbla jldsjfldsjlfjdsljf afldsa fjdslfjsdlkfjksdakfsjdalfkjsdlkfjdsl ladsfkasda ,2205,2201
blallbla jldsjfldsjlfjdsljf afldsa fjdslfjsdlkfjksdakfsjdalfkjsdlkfjdsl ladsfkasda ,2748,2744
blallbla jldsjfldsjlfjdsljf afldsa fjdslfjsdlkfjksdakfsjdalfkjsdlkfjdsl ladsfkasda ,2602,2598
blallbla jldsjfldsjlfjdsljf afldsa fjdslfjsdlkfjksdakfsjdalfkjsdlkfjdsl ladsfkasda ,3240,3237
blallbla jldsjfldsjlfjdsljf afldsa fjdslfjsdlkfjksdakfsjdalfkjsdlkfjdsl ladsfkasda ,2619,2616
blallbla jldsjfldsjlfjdsljf afldsa fjdslfjsdlkfjksdakfsjdalfkjsdlkfjdsl ladsfkasda ,2720,2717
blallbla jldsjfldsjlfjdsljf afldsa fjdslfjsdlkfjksdakfsjdalfkjsdlkfjdsl ladsfkasda ,2911,2908
blallbla jldsjfldsjlfjdsljf afldsa fjdslfjsdlkfjksdakfsjdalfkjsdlkfjdsl ladsfkasda ,2756,2752
blallbla jldsjfldsjlfjdsljf afldsa fjdslfjsdlkfjksdakfsjdalfkjsdlkfjdsl ladsfkasda ,3907,3903
blallbla jldsjfldsjlfjdsljf afldsa fjdslfjsdlkfjksdakfsjdalfkjsdlkfjdsl ladsfkasda ,2764,2759
blallbla jldsjfldsjlfjdsljf afldsa fjdslfjsdlkfjksdakfsjdalfkjsdlkfjdsl ladsfkasda ,2308,2303
blallbla jldsjfldsjlfjdsljf afldsa fjdslfjsdlkfjksdakfsjdalfkjsdlkfjdsl ladsfkasda ,2975,2972
blallbla jldsjfldsjlfjdsljf afldsa fjdslfjsdlkfjksdakfsjdalfkjsdlkfjdsl ladsfkasda ,2955,2951
blallbla jldsjfldsjlfjdsljf afldsa fjdslfjsdlkfjksdakfsjdalfkjsdlkfjdsl ladsfkasda ,4092,4088
blallbla jldsjfldsjlfjdsljf afldsa fjdslfjsdlkfjksdakfsjdalfkjsdlkfjdsl ladsfkasda ,2711,2708
blallbla jldsjfldsjlfjdsljf afldsa fjdslfjsdlkfjksdakfsjdalfkjsdlkfjdsl ladsfkasda ,3623,3620
blallbla jldsjfldsjlfjdsljf afldsa fjdslfjsdlkfjksdakfsjdalfkjsdlkfjdsl ladsfkasda ,2456,2451
blallbla jldsjfldsjlfjdsljf afldsa fjdslfjsdlkfjksdakfsjdalfkjsdlkfjdsl ladsfkasda ,2994,2990
blallbla jldsjfldsjlfjdsljf afldsa fjdslfjsdlkfjksdakfsjdalfkjsdlkfjdsl ladsfkasda ,2548,2545
blallbla jldsjfldsjlfjdsljf afldsa fjdslfjsdlkfjksdakfsjdalfkjsdlkfjdsl ladsfkasda ,2794,2791
blallbla jldsjfldsjlfjdsljf afldsa fjdslfjsdlkfjksdakfsjdalfkjsdlkfjdsl ladsfkasda ,3369,3366
blallbla jldsjfldsjlfjdsljf afldsa fjdslfjsdlkfjksdakfsjdalfkjsdlkfjdsl ladsfkasda ,3223,3219
blallbla jldsjfldsjlfjdsljf afldsa fjdslfjsdlkfjksdakfsjdalfkjsdlkfjdsl ladsfkasda ,2682,2679
blallbla jldsjfldsjlfjdsljf afldsa fjdslfjsdlkfjksdakfsjdalfkjsdlkfjdsl ladsfkasda ,4241,4237
blallbla jldsjfldsjlfjdsljf afldsa fjdslfjsdlkfjksdakfsjdalfkjsdlkfjdsl ladsfkasda ,2605,2602
blallbla jldsjfldsjlfjdsljf afldsa fjdslfjsdlkfjksdakfsjdalfkjsdlkfjdsl ladsfkasda ,3377,3374
blallbla jldsjfldsjlfjdsljf afldsa fjdslfjsdlkfjksdakfsjdalfkjsdlkfjdsl ladsfkasda ,2306,2304
blallbla jldsjfldsjlfjdsljf afldsa fjdslfjsdlkfjksdakfsjdalfkjsdlkfjdsl ladsfkasda ,2933,2929
blallbla jldsjfldsjlfjdsljf afldsa fjdslfjsdlkfjksdakfsjdalfkjsdlkfjdsl ladsfkasda ,2618,2614
blallbla jldsjfldsjlfjdsljf afldsa fjdslfjsdlkfjksdakfsjdalfkjsdlkfjdsl ladsfkasda ,2330,2327
blallbla jldsjfldsjlfjdsljf afldsa fjdslfjsdlkfjksdakfsjdalfkjsdlkfjdsl ladsfkasda ,3311,3307
blallbla jldsjfldsjlfjdsljf afldsa fjdslfjsdlkfjksdakfsjdalfkjsdlkfjdsl ladsfkasda ,3143,3140
blallbla jldsjfldsjlfjdsljf afldsa fjdslfjsdlkfjksdakfsjdalfkjsdlkfjdsl ladsfkasda ,2867,2864
blallbla jldsjfldsjlfjdsljf afldsa fjdslfjsdlkfjksdakfsjdalfkjsdlkfjdsl ladsfkasda ,2385,2383
blallbla jldsjfldsjlfjdsljf afldsa fjdslfjsdlkfjksdakfsjdalfkjsdlkfjdsl ladsfkasda ,3757,3754
blallbla jldsjfldsjlfjdsljf afldsa fjdslfjsdlkfjksdakfsjdalfkjsdlkfjdsl ladsfkasda ,2290,2287
blallbla jldsjfldsjlfjdsljf afldsa fjdslfjsdlkfjksdakfsjdalfkjsdlkfjdsl ladsfkasda ,2687,2683
blallbla jldsjfldsjlfjdsljf afldsa fjdslfjsdlkfjksdakfsjdalfkjsdlkfjdsl ladsfkasda ,3038,3035
blallbla jldsjfldsjlfjdsljf afldsa fjdslfjsdlkfjksdakfsjdalfkjsdlkfjdsl ladsfkasda ,2726,2723
blallbla jldsjfldsjlfjdsljf afldsa fjdslfjsdlkfjksdakfsjdalfkjsdlkfjdsl ladsfkasda ,2825,2822
blallbla jldsjfldsjlfjdsljf afldsa fjdslfjsdlkfjksdakfsjdalfkjsdlkfjdsl ladsfkasda ,2268,2264
blallbla jldsjfldsjlfjdsljf afldsa fjdslfjsdlkfjksdakfsjdalfkjsdlkfjdsl ladsfkasda ,3619,3616
blallbla jldsjfldsjlfjdsljf afldsa fjdslfjsdlkfjksdakfsjdalfkjsdlkfjdsl ladsfkasda ,3479,3476
blallbla jldsjfldsjlfjdsljf afldsa fjdslfjsdlkfjksdakfsjdalfkjsdlkfjdsl ladsfkasda ,3477,3474
blallbla jldsjfldsjlfjdsljf afldsa fjdslfjsdlkfjksdakfsjdalfkjsdlkfjdsl ladsfkasda ,2702,2699
blallbla jldsjfldsjlfjdsljf afldsa fjdslfjsdlkfjksdakfsjdalfkjsdlkfjdsl ladsfkasda ,2343,2340
blallbla jldsjfldsjlfjdsljf afldsa fjdslfjsdlkfjksdakfsjdalfkjsdlkfjdsl ladsfkasda ,2755,2752
blallbla jldsjfldsjlfjdsljf afldsa fjdslfjsdlkfjksdakfsjdalfkjsdlkfjdsl ladsfkasda ,3130,3126
blallbla jldsjfldsjlfjdsljf afldsa fjdslfjsdlkfjksdakfsjdalfkjsdlkfjdsl ladsfkasda ,2524,2521
blallbla jldsjfldsjlfjdsljf afldsa fjds